"10001","60117","1986-06-26","1987-06-26"
"10001","62102","1987-06-26","1988-06-25"
"10001","66074","1988-06-25","1989-06-25"
"10001","66596","1989-06-25","1990-06-25"
"10001","66961","1990-06-25","1991-06-25"
"10001","71046","1991-06-25","1992-06-24"
"10001","74333","1992-06-24","1993-06-24"
"10001","75286","1993-06-24","1994-06-24"
"10001","75994","1994-06-24","1995-06-24"
"10001","76884","1995-06-24","1996-06-23"
"10001","80013","1996-06-23","1997-06-23"
"10001","81025","1997-06-23","1998-06-23"
"10001","81097","1998-06-23","1999-06-23"
"10001","84917","1999-06-23","2000-06-22"
"10001","85112","2000-06-22","2001-06-22"
"10001","85097","2001-06-22","2002-06-22"
"10001","88958","2002-06-22","9999-01-01"
"10002","65828","1996-08-03","1997-08-03"
"10002","65909","1997-08-03","1998-08-03"
"10002","67534","1998-08-03","1999-08-03"
"10002","69366","1999-08-03","2000-08-02"
"10002","71963","2000-08-02","2001-08-02"
"10002","72527","2001-08-02","9999-01-01"
"10003","40006","1995-12-03","1996-12-02"
"10003","43616","1996-12-02","1997-12-02"
"10003","43466","1997-12-02","1998-12-02"
"10003","43636","1998-12-02","1999-12-02"
"10003","43478","1999-12-02","2000-12-01"
"10003","43699","2000-12-01","2001-12-01"
"10003","43311","2001-12-01","9999-01-01"
"10004","40054","1986-12-01","1987-12-01"
"10004","42283","1987-12-01","1988-11-30"
"10004","42542","1988-11-30","1989-11-30"
"10004","46065","1989-11-30","1990-11-30"
"10004","48271","1990-11-30","1991-11-30"
"10004","50594","1991-11-30","1992-11-29"
"10004","52119","1992-11-29","1993-11-29"
"10004","54693","1993-11-29","1994-11-29"
"10004","58326","1994-11-29","1995-11-29"
"10004","60770","1995-11-29","1996-11-28"
"10004","62566","1996-11-28","1997-11-28"
"10004","64340","1997-11-28","1998-11-28"
"10004","67096","1998-11-28","1999-11-28"
"10004","69722","1999-11-28","2000-11-27"
"10004","70698","2000-11-27","2001-11-27"
"10004","74057","2001-11-27","9999-01-01"
"10005","78228","1989-09-12","1990-09-12"
"10005","82621","1990-09-12","1991-09-12"
"10005","83735","1991-09-12","1992-09-11"
"10005","85572","1992-09-11","1993-09-11"
"10005","85076","1993-09-11","1994-09-11"
"10005","86050","1994-09-11","1995-09-11"
"10005","88448","1995-09-11","1996-09-10"
"10005","88063","1996-09-10","1997-09-10"
"10005","89724","1997-09-10","1998-09-10"
"10005","90392","1998-09-10","1999-09-10"
"10005","90531","1999-09-10","2000-09-09"
"10005","91453","2000-09-09","2001-09-09"
"10005","94692","2001-09-09","9999-01-01"
"10006","40000","1990-08-05","1991-08-05"
"10006","42085","1991-08-05","1992-08-04"
"10006","42629","1992-08-04","1993-08-04"
"10006","45844","1993-08-04","1994-08-04"
"10006","47518","1994-08-04","1995-08-04"
"10006","47917","1995-08-04","1996-08-03"
"10006","52255","1996-08-03","1997-08-03"
"10006","53747","1997-08-03","1998-08-03"
"10006","56032","1998-08-03","1999-08-03"
"10006","58299","1999-08-03","2000-08-02"
"10006","60098","2000-08-02","2001-08-02"
"10006","59755","2001-08-02","9999-01-01"
"10007","56724","1989-02-10","1990-02-10"
"10007","60740","1990-02-10","1991-02-10"
"10007","62745","1991-02-10","1992-02-10"
"10007","63475","1992-02-10","1993-02-09"
"10007","63208","1993-02-09","1994-02-09"
"10007","64563","1994-02-09","1995-02-09"
"10007","68833","1995-02-09","1996-02-09"
"10007","70220","1996-02-09","1997-02-08"
"10007","73362","1997-02-08","1998-02-08"
"10007","75582","1998-02-08","1999-02-08"
"10007","79513","1999-02-08","2000-02-08"
"10007","80083","2000-02-08","2001-02-07"
"10007","84456","2001-02-07","2002-02-07"
"10007","88070","2002-02-07","9999-01-01"
"10008","46671","1998-03-11","1999-03-11"
"10008","48584","1999-03-11","2000-03-10"
"10008","52668","2000-03-10","2000-07-31"
"10009","60929","1985-02-18","1986-02-18"
"10009","64604","1986-02-18","1987-02-18"
"10009","64780","1987-02-18","1988-02-18"
"10009","66302","1988-02-18","1989-02-17"
"10009","69042","1989-02-17","1990-02-17"
"10009","70889","1990-02-17","1991-02-17"
"10009","71434","1991-02-17","1992-02-17"
"10009","74612","1992-02-17","1993-02-16"
"10009","76518","1993-02-16","1994-02-16"
"10009","78335","1994-02-16","1995-02-16"
"10009","80944","1995-02-16","1996-02-16"
"10009","82507","1996-02-16","1997-02-15"
"10009","85875","1997-02-15","1998-02-15"
"10009","89324","1998-02-15","1999-02-15"
"10009","90668","1999-02-15","2000-02-15"
"10009","93507","2000-02-15","2001-02-14"
"10009","94443","2001-02-14","2002-02-14"
"10009","94409","2002-02-14","9999-01-01"
"10010","72488","1996-11-24","1997-11-24"
"10010","74347","1997-11-24","1998-11-24"
"10010","75405","1998-11-24","1999-11-24"
"10010","78194","1999-11-24","2000-11-23"
"10010","79580","2000-11-23","2001-11-23"
"10010","80324","2001-11-23","9999-01-01"
"10011","42365","1990-01-22","1991-01-22"
"10011","44200","1991-01-22","1992-01-22"
"10011","48214","1992-01-22","1993-01-21"
"10011","50927","1993-01-21","1994-01-21"
"10011","51470","1994-01-21","1995-01-21"
"10011","54545","1995-01-21","1996-01-21"
"10011","56753","1996-01-21","1996-11-09"
"10012","40000","1992-12-18","1993-12-18"
"10012","41867","1993-12-18","1994-12-18"
"10012","42318","1994-12-18","1995-12-18"
"10012","44195","1995-12-18","1996-12-17"
"10012","46460","1996-12-17","1997-12-17"
"10012","46485","1997-12-17","1998-12-17"
"10012","47364","1998-12-17","1999-12-17"
"10012","51122","1999-12-17","2000-12-16"
"10012","54794","2000-12-16","2001-12-16"
"10012","54423","2001-12-16","9999-01-01"
"10013","40000","1985-10-20","1986-10-20"
"10013","40623","1986-10-20","1987-10-20"
"10013","40561","1987-10-20","1988-10-19"
"10013","40306","1988-10-19","1989-10-19"
"10013","43569","1989-10-19","1990-10-19"
"10013","46305","1990-10-19","1991-10-19"
"10013","47118","1991-10-19","1992-10-18"
"10013","50351","1992-10-18","1993-10-18"
"10013","49887","1993-10-18","1994-10-18"
"10013","53957","1994-10-18","1995-10-18"
"10013","57590","1995-10-18","1996-10-17"
"10013","59228","1996-10-17","1997-10-17"
"10013","59571","1997-10-17","1998-10-17"
"10013","63274","1998-10-17","1999-10-17"
"10013","63352","1999-10-17","2000-10-16"
"10013","66744","2000-10-16","2001-10-16"
"10013","68901","2001-10-16","9999-01-01"
"10014","46168","1993-12-29","1994-12-29"
"10014","48242","1994-12-29","1995-12-29"
"10014","47921","1995-12-29","1996-12-28"
"10014","50715","1996-12-28","1997-12-28"
"10014","53228","1997-12-28","1998-12-28"
"10014","53962","1998-12-28","1999-12-28"
"10014","56937","1999-12-28","2000-12-27"
"10014","59142","2000-12-27","2001-12-27"
"10014","60598","2001-12-27","9999-01-01"
"10015","40000","1992-09-19","1993-08-22"
"10016","70889","1998-02-11","1999-02-11"
"10016","72946","1999-02-11","2000-02-11"
"10016","76826","2000-02-11","2001-02-10"
"10016","76381","2001-02-10","2002-02-10"
"10016","77935","2002-02-10","9999-01-01"
"10017","71380","1993-08-03","1994-08-03"
"10017","75538","1994-08-03","1995-08-03"
"10017","79510","1995-08-03","1996-08-02"
"10017","82163","1996-08-02","1997-08-02"
"10017","86157","1997-08-02","1998-08-02"
"10017","89619","1998-08-02","1999-08-02"
"10017","91985","1999-08-02","2000-08-01"
"10017","96122","2000-08-01","2001-08-01"
"10017","98522","2001-08-01","2002-08-01"
"10017","99651","2002-08-01","9999-01-01"
"10018","55881","1987-04-03","1988-04-02"
"10018","59206","1988-04-02","1989-04-02"
"10018","61361","1989-04-02","1990-04-02"
"10018","61648","1990-04-02","1991-04-02"
"10018","61217","1991-04-02","1992-04-01"
"10018","61244","1992-04-01","1993-04-01"
"10018","63286","1993-04-01","1994-04-01"
"10018","65739","1994-04-01","1995-04-01"
"10018","67519","1995-04-01","1996-03-31"
"10018","69276","1996-03-31","1997-03-31"
"10018","72585","1997-03-31","1998-03-31"
"10018","72804","1998-03-31","1999-03-31"
"10018","76957","1999-03-31","2000-03-30"
"10018","80305","2000-03-30","2001-03-30"
"10018","84541","2001-03-30","2002-03-30"
"10018","84672","2002-03-30","9999-01-01"
"10019","44276","1999-04-30","2000-04-29"
"10019","46946","2000-04-29","2001-04-29"
"10019","46775","2001-04-29","2002-04-29"
"10019","50032","2002-04-29","9999-01-01"
"10020","40000","1997-12-30","1998-12-30"
"10020","40647","1998-12-30","1999-12-30"
"10020","43800","1999-12-30","2000-12-29"
"10020","44927","2000-12-29","2001-12-29"
"10020","47017","2001-12-29","9999-01-01"
"10021","55025","1988-02-10","1989-02-09"
"10021","56399","1989-02-09","1990-02-09"
"10021","59700","1990-02-09","1991-02-09"
"10021","60851","1991-02-09","1992-02-09"
"10021","61117","1992-02-09","1993-02-08"
"10021","60708","1993-02-08","1994-02-08"
"10021","63514","1994-02-08","1995-02-08"
"10021","66249","1995-02-08","1996-02-08"
"10021","70570","1996-02-08","1997-02-07"
"10021","74759","1997-02-07","1998-02-07"
"10021","77519","1998-02-07","1999-02-07"
"10021","77237","1999-02-07","2000-02-07"
"10021","79631","2000-02-07","2001-02-06"
"10021","82295","2001-02-06","2002-02-06"
"10021","84169","2002-02-06","2002-07-15"
"10022","40000","1999-09-03","2000-09-02"
"10022","39935","2000-09-02","2001-09-02"
"10022","41348","2001-09-02","9999-01-01"
"10023","47883","1999-09-27","2000-09-26"
"10023","50319","2000-09-26","2001-09-26"
"10023","50113","2001-09-26","9999-01-01"
"10024","83733","1998-06-14","1999-06-14"
"10024","86715","1999-06-14","2000-06-13"
"10024","91067","2000-06-13","2001-06-13"
"10024","94701","2001-06-13","2002-06-13"
"10024","96646","2002-06-13","9999-01-01"
"10025","40000","1987-08-17","1988-08-16"
"10025","44416","1988-08-16","1989-08-16"
"10025","48680","1989-08-16","1990-08-16"
"10025","50120","1990-08-16","1991-08-16"
"10025","50980","1991-08-16","1992-08-15"
"10025","54459","1992-08-15","1993-08-15"
"10025","54395","1993-08-15","1994-08-15"
"10025","56643","1994-08-15","1995-08-15"
"10025","57585","1995-08-15","1996-08-14"
"10025","57110","1996-08-14","1997-08-14"
"10025","57157","1997-08-14","1997-10-15"
"10026","47585","1995-03-20","1996-03-19"
"10026","51730","1996-03-19","1997-03-19"
"10026","53682","1997-03-19","1998-03-19"
"10026","56769","1998-03-19","1999-03-19"
"10026","60397","1999-03-19","2000-03-18"
"10026","64132","2000-03-18","2001-03-18"
"10026","65415","2001-03-18","2002-03-18"
"10026","66313","2002-03-18","9999-01-01"
"10027","40000","1995-04-02","1996-04-01"
"10027","39520","1996-04-01","1997-04-01"
"10027","42382","1997-04-01","1998-04-01"
"10027","43654","1998-04-01","1999-04-01"
"10027","43925","1999-04-01","2000-03-31"
"10027","45157","2000-03-31","2001-03-31"
"10027","45771","2001-03-31","2002-03-31"
"10027","46145","2002-03-31","9999-01-01"
"10028","48859","1991-10-22","1992-10-21"
"10028","50805","1992-10-21","1993-10-21"
"10028","52082","1993-10-21","1994-10-21"
"10028","54949","1994-10-21","1995-10-21"
"10028","55963","1995-10-21","1996-10-20"
"10028","57831","1996-10-20","1997-10-20"
"10028","58502","1997-10-20","1998-04-06"
"10029","63163","1991-09-18","1992-09-17"
"10029","66877","1992-09-17","1993-09-17"
"10029","69211","1993-09-17","1994-09-17"
"10029","70624","1994-09-17","1995-09-17"
"10029","70294","1995-09-17","1996-09-16"
"10029","70671","1996-09-16","1997-09-16"
"10029","73510","1997-09-16","1998-09-16"
"10029","75773","1998-09-16","1999-09-16"
"10029","76067","1999-09-16","2000-09-15"
"10029","76608","2000-09-15","2001-09-15"
"10029","77777","2001-09-15","9999-01-01"
"10030","66956","1994-02-17","1995-02-17"
"10030","68393","1995-02-17","1996-02-17"
"10030","72795","1996-02-17","1997-02-16"
"10030","76453","1997-02-16","1998-02-16"
"10030","79290","1998-02-16","1999-02-16"
"10030","83327","1999-02-16","2000-02-16"
"10030","86634","2000-02-16","2001-02-15"
"10030","87027","2001-02-15","2002-02-15"
"10030","88806","2002-02-15","9999-01-01"
"10031","40000","1991-09-01","1992-08-31"
"10031","40859","1992-08-31","1993-08-31"
"10031","41881","1993-08-31","1994-08-31"
"10031","44191","1994-08-31","1995-08-31"
"10031","47202","1995-08-31","1996-08-30"
"10031","47606","1996-08-30","1997-08-30"
"10031","50810","1997-08-30","1998-08-30"
"10031","52675","1998-08-30","1999-08-30"
"10031","54177","1999-08-30","2000-08-29"
"10031","53873","2000-08-29","2001-08-29"
"10031","56689","2001-08-29","9999-01-01"
"10032","48426","1990-06-20","1991-06-20"
"10032","49389","1991-06-20","1992-06-19"
"10032","52000","1992-06-19","1993-06-19"
"10032","53038","1993-06-19","1994-06-19"
"10032","54336","1994-06-19","1995-06-19"
"10032","53978","1995-06-19","1996-06-18"
"10032","55090","1996-06-18","1997-06-18"
"10032","57110","1997-06-18","1998-06-18"
"10032","57926","1998-06-18","1999-06-18"
"10032","57876","1999-06-18","2000-06-17"
"10032","61709","2000-06-17","2001-06-17"
"10032","65820","2001-06-17","2002-06-17"
"10032","69539","2002-06-17","9999-01-01"
"10033","51258","1987-03-18","1988-03-17"
"10033","54972","1988-03-17","1989-03-17"
"10033","55410","1989-03-17","1990-03-17"
"10033","56095","1990-03-17","1991-03-17"
"10033","56038","1991-03-17","1992-03-16"
"10033","57712","1992-03-16","1993-03-16"
"10033","60433","1993-03-16","1993-03-24"
"10034","47561","1995-04-12","1996-04-11"
"10034","51192","1996-04-11","1997-04-11"
"10034","52687","1997-04-11","1998-04-11"
"10034","53112","1998-04-11","1999-04-11"
"10034","53164","1999-04-11","1999-10-31"
"10035","41538","1988-09-05","1989-09-05"
"10035","45131","1989-09-05","1990-09-05"
"10035","45629","1990-09-05","1991-09-05"
"10035","48360","1991-09-05","1992-09-04"
"10035","50664","1992-09-04","1993-09-04"
"10035","53060","1993-09-04","1994-09-04"
"10035","56640","1994-09-04","1995-09-04"
"10035","57621","1995-09-04","1996-09-03"
"10035","59291","1996-09-03","1997-09-03"
"10035","61793","1997-09-03","1998-09-03"
"10035","62285","1998-09-03","1999-09-03"
"10035","65332","1999-09-03","2000-09-02"
"10035","66584","2000-09-02","2001-09-02"
"10035","68755","2001-09-02","9999-01-01"
"10036","42819","1992-04-28","1993-04-28"
"10036","46756","1993-04-28","1994-04-28"
"10036","51084","1994-04-28","1995-04-28"
"10036","52308","1995-04-28","1996-04-27"
"10036","53828","1996-04-27","1997-04-27"
"10036","54408","1997-04-27","1998-04-27"
"10036","53929","1998-04-27","1999-04-27"
"10036","56579","1999-04-27","2000-04-26"
"10036","60478","2000-04-26","2001-04-26"
"10036","60520","2001-04-26","2002-04-26"
"10036","63053","2002-04-26","9999-01-01"
"10037","40000","1990-12-05","1991-12-05"
"10037","39765","1991-12-05","1992-12-04"
"10037","43565","1992-12-04","1993-12-04"
"10037","43104","1993-12-04","1994-12-04"
"10037","46100","1994-12-04","1995-12-04"
"10037","49735","1995-12-04","1996-12-03"
"10037","51775","1996-12-03","1997-12-03"
"10037","53198","1997-12-03","1998-12-03"
"10037","56270","1998-12-03","1999-12-03"
"10037","59882","1999-12-03","2000-12-02"
"10037","60992","2000-12-02","2001-12-02"
"10037","60574","2001-12-02","9999-01-01"
"10038","40000","1989-09-20","1990-09-20"
"10038","43527","1990-09-20","1991-09-20"
"10038","46509","1991-09-20","1992-09-19"
"10038","49874","1992-09-19","1993-09-19"
"10038","52969","1993-09-19","1994-09-19"
"10038","56629","1994-09-19","1995-09-19"
"10038","58079","1995-09-19","1996-09-18"
"10038","60322","1996-09-18","1997-09-18"
"10038","62274","1997-09-18","1998-09-18"
"10038","62517","1998-09-18","1999-09-18"
"10038","62458","1999-09-18","2000-09-17"
"10038","64238","2000-09-17","2001-09-17"
"10038","64254","2001-09-17","9999-01-01"
"10039","40000","1988-01-19","1989-01-18"
"10039","41525","1989-01-18","1990-01-18"
"10039","43801","1990-01-18","1991-01-18"
"10039","46278","1991-01-18","1992-01-18"
"10039","45838","1992-01-18","1993-01-17"
"10039","49155","1993-01-17","1994-01-17"
"10039","52999","1994-01-17","1995-01-17"
"10039","55037","1995-01-17","1996-01-17"
"10039","54937","1996-01-17","1997-01-16"
"10039","55204","1997-01-16","1998-01-16"
"10039","59593","1998-01-16","1999-01-16"
"10039","62131","1999-01-16","2000-01-16"
"10039","61774","2000-01-16","2001-01-15"
"10039","63592","2001-01-15","2002-01-15"
"10039","63918","2002-01-15","9999-01-01"
"10040","52153","1993-02-14","1994-02-14"
"10040","53533","1994-02-14","1995-02-14"
"10040","56565","1995-02-14","1996-02-14"
"10040","60260","1996-02-14","1997-02-13"
"10040","62101","1997-02-13","1998-02-13"
"10040","63870","1998-02-13","1999-02-13"
"10040","64570","1999-02-13","2000-02-13"
"10040","67016","2000-02-13","2001-02-12"
"10040","68185","2001-02-12","2002-02-12"
"10040","72668","2002-02-12","9999-01-01"
"10041","56893","1989-11-12","1990-11-12"
"10041","60824","1990-11-12","1991-11-12"
"10041","63116","1991-11-12","1992-11-11"
"10041","64128","1992-11-11","1993-11-11"
"10041","65615","1993-11-11","1994-11-11"
"10041","69768","1994-11-11","1995-11-11"
"10041","70216","1995-11-11","1996-11-10"
"10041","71322","1996-11-10","1997-11-10"
"10041","74575","1997-11-10","1998-11-10"
"10041","75544","1998-11-10","1999-11-10"
"10041","79746","1999-11-10","2000-11-09"
"10041","81012","2000-11-09","2001-11-09"
"10041","81705","2001-11-09","9999-01-01"
"10042","81662","1993-03-21","1994-03-21"
"10042","84183","1994-03-21","1995-03-21"
"10042","84389","1995-03-21","1996-03-20"
"10042","85501","1996-03-20","1997-03-20"
"10042","89833","1997-03-20","1998-03-20"
"10042","91161","1998-03-20","1999-03-20"
"10042","95035","1999-03-20","2000-03-19"
"10042","94868","2000-03-19","2000-08-10"
"10043","49324","1990-10-20","1991-10-20"
"10043","51948","1991-10-20","1992-10-19"
"10043","54011","1992-10-19","1993-10-19"
"10043","58302","1993-10-19","1994-10-19"
"10043","62291","1994-10-19","1995-10-19"
"10043","65669","1995-10-19","1996-10-18"
"10043","65562","1996-10-18","1997-10-18"
"10043","68328","1997-10-18","1998-10-18"
"10043","70689","1998-10-18","1999-10-18"
"10043","72543","1999-10-18","2000-10-17"
"10043","76677","2000-10-17","2001-10-17"
"10043","77659","2001-10-17","9999-01-01"
"10044","40919","1994-05-21","1995-05-21"
"10044","45217","1995-05-21","1996-05-20"
"10044","46674","1996-05-20","1997-05-20"
"10044","48623","1997-05-20","1998-05-20"
"10044","51377","1998-05-20","1999-05-20"
"10044","53186","1999-05-20","2000-05-19"
"10044","56058","2000-05-19","2001-05-19"
"10044","56810","2001-05-19","2002-05-19"
"10044","58345","2002-05-19","9999-01-01"
"10045","41971","1996-11-16","1997-11-16"
"10045","42914","1997-11-16","1998-11-16"
"10045","43046","1998-11-16","1999-11-16"
"10045","43838","1999-11-16","2000-11-15"
"10045","47984","2000-11-15","2001-11-15"
"10045","47581","2001-11-15","9999-01-01"
"10046","40000","1992-06-20","1993-06-20"
"10046","42385","1993-06-20","1994-06-20"
"10046","43485","1994-06-20","1995-06-20"
"10046","43203","1995-06-20","1996-06-19"
"10046","45150","1996-06-19","1997-06-19"
"10046","48222","1997-06-19","1998-06-19"
"10046","50853","1998-06-19","1999-06-19"
"10046","52271","1999-06-19","2000-06-18"
"10046","56481","2000-06-18","2001-06-18"
"10046","60249","2001-06-18","2002-06-18"
"10046","62218","2002-06-18","9999-01-01"
"10047","54982","1989-03-31","1990-03-31"
"10047","57350","1990-03-31","1991-03-31"
"10047","59571","1991-03-31","1992-03-30"
"10047","62851","1992-03-30","1993-03-30"
"10047","65225","1993-03-30","1994-03-30"
"10047","66330","1994-03-30","1995-03-30"
"10047","69992","1995-03-30","1996-03-29"
"10047","73376","1996-03-29","1997-03-29"
"10047","74735","1997-03-29","1998-03-29"
"10047","75748","1998-03-29","1999-03-29"
"10047","77149","1999-03-29","2000-03-28"
"10047","78399","2000-03-28","2001-03-28"
"10047","78569","2001-03-28","2002-03-28"
"10047","81037","2002-03-28","9999-01-01"
"10048","40000","1985-02-24","1986-02-24"
"10048","39507","1986-02-24","1987-01-27"
"10049","40000","1992-05-04","1993-05-04"
"10049","39735","1993-05-04","1994-05-04"
"10049","40484","1994-05-04","1995-05-04"
"10049","41291","1995-05-04","1996-05-03"
"10049","41301","1996-05-03","1997-05-03"
"10049","41957","1997-05-03","1998-05-03"
"10049","41788","1998-05-03","1999-05-03"
"10049","44620","1999-05-03","2000-05-02"
"10049","45933","2000-05-02","2001-05-02"
"10049","48575","2001-05-02","2002-05-02"
"10049","51326","2002-05-02","9999-01-01"
"10050","74366","1990-12-25","1991-12-25"
"10050","78675","1991-12-25","1992-12-24"
"10050","82220","1992-12-24","1993-12-24"
"10050","86604","1993-12-24","1994-12-24"
"10050","88087","1994-12-24","1995-12-24"
"10050","88836","1995-12-24","1996-12-23"
"10050","90623","1996-12-23","1997-12-23"
"10050","91530","1997-12-23","1998-12-23"
"10050","93689","1998-12-23","1999-12-23"
"10050","97571","1999-12-23","2000-12-22"
"10050","97817","2000-12-22","2001-12-22"
"10050","97830","2001-12-22","9999-01-01"
"10051","48817","1992-10-15","1993-10-15"
"10051","50874","1993-10-15","1994-10-15"
"10051","52247","1994-10-15","1995-10-15"
"10051","56217","1995-10-15","1996-10-14"
"10051","59402","1996-10-14","1997-10-14"
"10051","59012","1997-10-14","1998-10-14"
"10051","61719","1998-10-14","1999-10-14"
"10051","61345","1999-10-14","2000-10-13"
"10051","61400","2000-10-13","2001-10-13"
"10051","64905","2001-10-13","9999-01-01"
"10052","57212","1997-01-31","1998-01-31"
"10052","56908","1998-01-31","1999-01-31"
"10052","60084","1999-01-31","2000-01-31"
"10052","63081","2000-01-31","2001-01-30"
"10052","66450","2001-01-30","2002-01-30"
"10052","67156","2002-01-30","9999-01-01"
"10053","67854","1994-11-13","1995-11-13"
"10053","67912","1995-11-13","1996-11-12"
"10053","71459","1996-11-12","1997-11-12"
"10053","71283","1997-11-12","1998-11-12"
"10053","74822","1998-11-12","1999-11-12"
"10053","77425","1999-11-12","2000-11-11"
"10053","77531","2000-11-11","2001-11-11"
"10053","78478","2001-11-11","9999-01-01"
"10054","40000","1995-07-29","1996-07-28"
"10054","42889","1996-07-28","1997-07-28"
"10054","42846","1997-07-28","1998-07-28"
"10054","44680","1998-07-28","1999-07-28"
"10054","44958","1999-07-28","2000-07-27"
"10054","49391","2000-07-27","2001-07-27"
"10054","52184","2001-07-27","2002-07-27"
"10054","53906","2002-07-27","9999-01-01"
"10055","80024","1992-04-27","1993-04-27"
"10055","83592","1993-04-27","1994-04-27"
"10055","87473","1994-04-27","1995-04-27"
"10055","90843","1995-04-27","1995-07-22"
"10056","48857","1990-02-01","1991-02-01"
"10056","51457","1991-02-01","1992-02-01"
"10056","53869","1992-02-01","1993-01-31"
"10056","54677","1993-01-31","1994-01-31"
"10056","56047","1994-01-31","1995-01-31"
"10056","59252","1995-01-31","1996-01-31"
"10056","61963","1996-01-31","1997-01-30"
"10056","65622","1997-01-30","1998-01-30"
"10056","67648","1998-01-30","1999-01-30"
"10056","70163","1999-01-30","2000-01-30"
"10056","69905","2000-01-30","2001-01-29"
"10056","74004","2001-01-29","2002-01-29"
"10056","74722","2002-01-29","9999-01-01"
"10057","49616","1992-01-15","1993-01-14"
"10057","53897","1993-01-14","1994-01-14"
"10057","58099","1994-01-14","1995-01-14"
"10057","58881","1995-01-14","1996-01-14"
"10057","61013","1996-01-14","1997-01-13"
"10057","61055","1997-01-13","1998-01-13"
"10057","61255","1998-01-13","1999-01-13"
"10057","60966","1999-01-13","2000-01-13"
"10057","63507","2000-01-13","2001-01-12"
"10057","66430","2001-01-12","2002-01-12"
"10057","68061","2002-01-12","9999-01-01"
"10058","52787","1988-04-25","1989-04-25"
"10058","53377","1989-04-25","1990-04-25"
"10058","53869","1990-04-25","1991-04-25"
"10058","55134","1991-04-25","1992-04-24"
"10058","57882","1992-04-24","1993-04-24"
"10058","58807","1993-04-24","1994-04-24"
"10058","63284","1994-04-24","1995-04-24"
"10058","63666","1995-04-24","1996-04-23"
"10058","65706","1996-04-23","1997-04-23"
"10058","67913","1997-04-23","1998-04-23"
"10058","68623","1998-04-23","1999-04-23"
"10058","71438","1999-04-23","2000-04-22"
"10058","72151","2000-04-22","2001-04-22"
"10058","72363","2001-04-22","2002-04-22"
"10058","72542","2002-04-22","9999-01-01"
"10059","71218","1991-06-26","1992-06-25"
"10059","73299","1992-06-25","1993-06-25"
"10059","76448","1993-06-25","1994-06-25"
"10059","80739","1994-06-25","1995-06-25"
"10059","82318","1995-06-25","1996-06-24"
"10059","84522","1996-06-24","1997-06-24"
"10059","86290","1997-06-24","1998-06-24"
"10059","89824","1998-06-24","1999-06-24"
"10059","90380","1999-06-24","2000-06-23"
"10059","90689","2000-06-23","2001-06-23"
"10059","93280","2001-06-23","2002-06-23"
"10059","94161","2002-06-23","9999-01-01"
"10060","74686","1989-05-28","1990-05-28"
"10060","75594","1990-05-28","1991-05-28"
"10060","77772","1991-05-28","1992-05-27"
"10060","78393","1992-05-27","1993-05-27"
"10060","77964","1993-05-27","1994-05-27"
"10060","78057","1994-05-27","1995-05-27"
"10060","78983","1995-05-27","1996-05-26"
"10060","79900","1996-05-26","1997-05-26"
"10060","79684","1997-05-26","1998-05-26"
"10060","84052","1998-05-26","1999-05-26"
"10060","85960","1999-05-26","2000-05-25"
"10060","87773","2000-05-25","2001-05-25"
"10060","89769","2001-05-25","2002-05-25"
"10060","93188","2002-05-25","9999-01-01"
"10061","68577","1989-12-02","1990-12-02"
"10061","71135","1990-12-02","1991-12-02"
"10061","72464","1991-12-02","1992-12-01"
"10061","74796","1992-12-01","1993-12-01"
"10061","74944","1993-12-01","1994-12-01"
"10061","79041","1994-12-01","1995-12-01"
"10061","80248","1995-12-01","1996-11-30"
"10061","84445","1996-11-30","1997-11-30"
"10061","88012","1997-11-30","1998-11-30"
"10061","90972","1998-11-30","1999-11-30"
"10061","91371","1999-11-30","2000-11-29"
"10061","95866","2000-11-29","2001-11-29"
"10061","97338","2001-11-29","9999-01-01"
"10062","55685","1991-08-30","1992-08-29"
"10062","59029","1992-08-29","1993-08-29"
"10062","60089","1993-08-29","1994-08-29"
"10062","62194","1994-08-29","1995-08-29"
"10062","61761","1995-08-29","1996-08-28"
"10062","65275","1996-08-28","1997-08-28"
"10062","65544","1997-08-28","1998-08-28"
"10062","66167","1998-08-28","1999-08-28"
"10062","66447","1999-08-28","2000-08-27"
"10062","68784","2000-08-27","2001-08-27"
"10062","68559","2001-08-27","9999-01-01"
"10063","40000","1989-04-08","1990-04-08"
"10063","41990","1990-04-08","1991-04-08"
"10063","44342","1991-04-08","1992-04-07"
"10063","48429","1992-04-07","1993-04-07"
"10063","52466","1993-04-07","1994-04-07"
"10063","54823","1994-04-07","1995-04-07"
"10063","56442","1995-04-07","1996-04-05"
"10063","60165","1996-04-05","1997-04-05"
"10063","63852","1997-04-05","1998-04-06"
"10063","65262","1998-04-06","1999-04-06"
"10063","69354","1999-04-06","2000-04-05"
"10063","71028","2000-04-05","2001-04-05"
"10063","73393","2001-04-05","2002-04-04"
"10063","74841","2002-04-04","9999-01-01"
"10064","40000","1985-11-20","1986-11-20"
"10064","39551","1986-11-20","1987-11-20"
"10064","41264","1987-11-20","1988-11-19"
"10064","40795","1988-11-19","1989-11-19"
"10064","43466","1989-11-19","1990-11-19"
"10064","45895","1990-11-19","1991-11-19"
"10064","48454","1991-11-19","1992-03-02"
"10065","40000","1998-05-24","1999-05-24"
"10065","40503","1999-05-24","2000-05-23"
"10065","42031","2000-05-23","2001-05-23"
"10065","43655","2001-05-23","2002-05-23"
"10065","47437","2002-05-23","9999-01-01"
"10066","69736","1986-02-26","1987-02-26"
"10066","72147","1987-02-26","1988-02-26"
"10066","76616","1988-02-26","1989-02-25"
"10066","78885","1989-02-25","1990-02-25"
"10066","82819","1990-02-25","1991-02-25"
"10066","84064","1991-02-25","1992-02-25"
"10066","84161","1992-02-25","1993-02-24"
"10066","84368","1993-02-24","1994-02-24"
"10066","88392","1994-02-24","1995-02-24"
"10066","88808","1995-02-24","1996-02-24"
"10066","92405","1996-02-24","1997-02-23"
"10066","96451","1997-02-23","1998-02-23"
"10066","98656","1998-02-23","1999-02-23"
"10066","99199","1999-02-23","2000-02-23"
"10066","102425","2000-02-23","2001-02-22"
"10066","102674","2001-02-22","2002-02-22"
"10066","103672","2002-02-22","9999-01-01"
"10067","44642","1987-03-04","1988-03-03"
"10067","47879","1988-03-03","1989-03-03"
"10067","47733","1989-03-03","1990-03-03"
"10067","51396","1990-03-03","1991-03-03"
"10067","52808","1991-03-03","1992-03-02"
"10067","56581","1992-03-02","1993-03-02"
"10067","58363","1993-03-02","1994-03-02"
"10067","62607","1994-03-02","1995-03-02"
"10067","66769","1995-03-02","1996-03-01"
"10067","70158","1996-03-01","1997-03-01"
"10067","73730","1997-03-01","1998-03-01"
"10067","74242","1998-03-01","1999-03-01"
"10067","75732","1999-03-01","2000-02-29"
"10067","77620","2000-02-29","2001-02-28"
"10067","81784","2001-02-28","2002-02-28"
"10067","83254","2002-02-28","9999-01-01"
"10068","87964","1987-08-07","1988-08-06"
"10068","92176","1988-08-06","1989-08-06"
"10068","92089","1989-08-06","1990-08-06"
"10068","93474","1990-08-06","1991-08-06"
"10068","94724","1991-08-06","1992-08-05"
"10068","97058","1992-08-05","1993-08-05"
"10068","100005","1993-08-05","1994-08-05"
"10068","101829","1994-08-05","1995-08-05"
"10068","101630","1995-08-05","1996-08-04"
"10068","105533","1996-08-04","1997-08-04"
"10068","106204","1997-08-04","1998-08-04"
"10068","108345","1998-08-04","1999-08-04"
"10068","111623","1999-08-04","2000-08-03"
"10068","112470","2000-08-03","2001-08-03"
"10068","113229","2001-08-03","9999-01-01"
"10069","67932","1992-06-14","1993-06-14"
"10069","68046","1993-06-14","1994-06-14"
"10069","67675","1994-06-14","1995-06-14"
"10069","69876","1995-06-14","1996-06-13"
"10069","70464","1996-06-13","1997-06-13"
"10069","71574","1997-06-13","1998-06-13"
"10069","74638","1998-06-13","1999-06-13"
"10069","79102","1999-06-13","2000-06-12"
"10069","82731","2000-06-12","2001-06-12"
"10069","85931","2001-06-12","2002-06-12"
"10069","86641","2002-06-12","9999-01-01"
"10070","55999","1985-10-14","1986-10-14"
"10070","56848","1986-10-14","1987-10-14"
"10070","61306","1987-10-14","1988-10-13"
"10070","63174","1988-10-13","1989-10-13"
"10070","63950","1989-10-13","1990-10-13"
"10070","64776","1990-10-13","1991-10-13"
"10070","67223","1991-10-13","1992-10-12"
"10070","70301","1992-10-12","1993-10-12"
"10070","74286","1993-10-12","1994-10-12"
"10070","77938","1994-10-12","1995-10-12"
"10070","82124","1995-10-12","1996-10-11"
"10070","83639","1996-10-11","1997-10-11"
"10070","87499","1997-10-11","1998-10-11"
"10070","87086","1998-10-11","1999-10-11"
"10070","90690","1999-10-11","2000-10-10"
"10070","94654","2000-10-10","2001-10-10"
"10070","96322","2001-10-10","9999-01-01"
"10071","40000","1995-08-05","1996-08-04"
"10071","40087","1996-08-04","1997-08-04"
"10071","41656","1997-08-04","1998-08-04"
"10071","42768","1998-08-04","1999-08-04"
"10071","46295","1999-08-04","2000-08-03"
"10071","49837","2000-08-03","2001-08-03"
"10071","53315","2001-08-03","9999-01-01"
"10072","40000","1989-05-21","1990-05-21"
"10072","39567","1990-05-21","1991-05-21"
"10072","39724","1991-05-21","1992-05-20"
"10072","40803","1992-05-20","1993-05-20"
"10072","44781","1993-05-20","1994-05-20"
"10072","49265","1994-05-20","1995-05-20"
"10072","53559","1995-05-20","1996-05-19"
"10072","56103","1996-05-19","1997-05-19"
"10072","58578","1997-05-19","1998-05-19"
"10072","60600","1998-05-19","1999-05-19"
"10072","62174","1999-05-19","2000-05-18"
"10072","63157","2000-05-18","2001-05-18"
"10072","64726","2001-05-18","2002-05-18"
"10072","64512","2002-05-18","9999-01-01"
"10073","56473","1998-02-02","1998-02-22"
"10074","61714","1990-08-13","1991-08-13"
"10074","64739","1991-08-13","1992-08-12"
"10074","64655","1992-08-12","1993-08-12"
"10074","67516","1993-08-12","1994-08-12"
"10074","70019","1994-08-12","1995-08-12"
"10074","70984","1995-08-12","1996-08-11"
"10074","72145","1996-08-11","1997-08-11"
"10074","73009","1997-08-11","1998-08-11"
"10074","77489","1998-08-11","1999-08-11"
"10074","77625","1999-08-11","2000-08-10"
"10074","79934","2000-08-10","2001-08-10"
"10074","80820","2001-08-10","9999-01-01"
"10075","43815","1988-05-17","1989-05-17"
"10075","43590","1989-05-17","1990-05-17"
"10075","46087","1990-05-17","1991-05-17"
"10075","47765","1991-05-17","1992-05-16"
"10075","48606","1992-05-16","1993-05-16"
"10075","49208","1993-05-16","1994-05-16"
"10075","51099","1994-05-16","1995-05-16"
"10075","51323","1995-05-16","1996-05-15"
"10075","51238","1996-05-15","1997-05-15"
"10075","55463","1997-05-15","1998-05-15"
"10075","59623","1998-05-15","1999-05-15"
"10075","63624","1999-05-15","2000-05-14"
"10075","67492","2000-05-14","2001-01-15"
"10076","47319","1996-07-15","1997-07-15"
"10076","50802","1997-07-15","1998-07-15"
"10076","54783","1998-07-15","1999-07-15"
"10076","57418","1999-07-15","2000-07-14"
"10076","59999","2000-07-14","2001-07-14"
"10076","61118","2001-07-14","2002-07-14"
"10076","62921","2002-07-14","9999-01-01"
"10077","40000","1994-12-23","1995-12-23"
"10077","43745","1995-12-23","1996-12-22"
"10077","43864","1996-12-22","1997-12-22"
"10077","47173","1997-12-22","1998-12-22"
"10077","49955","1998-12-22","1999-12-22"
"10077","50403","1999-12-22","2000-12-21"
"10077","51581","2000-12-21","2001-12-21"
"10077","54699","2001-12-21","9999-01-01"
"10078","47280","1994-09-29","1995-09-29"
"10078","46833","1995-09-29","1996-09-28"
"10078","50652","1996-09-28","1997-09-28"
"10078","50977","1997-09-28","1998-09-28"
"10078","51132","1998-09-28","1999-09-28"
"10078","53130","1999-09-28","2000-09-27"
"10078","52860","2000-09-27","2001-09-27"
"10078","54652","2001-09-27","9999-01-01"
"10079","53492","1995-12-13","1996-12-12"
"10079","56811","1996-12-12","1997-12-12"
"10079","56717","1997-12-12","1998-12-12"
"10079","56256","1998-12-12","1999-12-12"
"10079","59225","1999-12-12","2000-12-11"
"10079","63641","2000-12-11","2001-12-11"
"10079","67231","2001-12-11","9999-01-01"
"10080","54916","1994-09-28","1995-09-28"
"10080","56838","1995-09-28","1996-09-27"
"10080","60742","1996-09-27","1997-09-27"
"10080","62087","1997-09-27","1998-09-27"
"10080","65129","1998-09-27","1999-09-27"
"10080","68691","1999-09-27","2000-09-26"
"10080","71986","2000-09-26","2001-09-26"
"10080","72729","2001-09-26","9999-01-01"
"10081","55786","1986-10-30","1987-10-30"
"10081","58975","1987-10-30","1988-10-29"
"10081","58475","1988-10-29","1989-10-29"
"10081","61935","1989-10-29","1990-10-29"
"10081","63172","1990-10-29","1991-10-29"
"10081","64355","1991-10-29","1992-10-28"
"10081","64054","1992-10-28","1993-10-28"
"10081","66796","1993-10-28","1994-10-28"
"10081","66704","1994-10-28","1995-10-28"
"10081","68102","1995-10-28","1996-10-27"
"10081","69882","1996-10-27","1997-10-27"
"10081","73516","1997-10-27","1998-10-27"
"10081","74714","1998-10-27","1999-10-27"
"10081","74734","1999-10-27","2000-10-26"
"10081","75683","2000-10-26","2001-10-26"
"10081","79351","2001-10-26","9999-01-01"
"10082","48935","1990-01-03","1990-01-15"
"10083","40000","1987-03-31","1988-03-30"
"10083","44226","1988-03-30","1989-03-30"
"10083","47900","1989-03-30","1990-03-30"
"10083","49732","1990-03-30","1991-03-30"
"10083","53520","1991-03-30","1992-03-29"
"10083","54944","1992-03-29","1993-03-29"
"10083","55469","1993-03-29","1994-03-29"
"10083","58814","1994-03-29","1995-03-29"
"10083","59286","1995-03-29","1996-03-28"
"10083","62727","1996-03-28","1997-03-28"
"10083","65435","1997-03-28","1998-03-28"
"10083","67142","1998-03-28","1999-03-28"
"10083","70495","1999-03-28","2000-03-27"
"10083","73060","2000-03-27","2001-03-27"
"10083","73756","2001-03-27","2002-03-27"
"10083","77186","2002-03-27","9999-01-01"
"10084","69811","1995-12-15","1996-12-14"
"10084","74293","1996-12-14","1997-12-14"
"10084","78493","1997-12-14","1998-12-14"
"10084","81977","1998-12-14","1999-12-14"
"10084","86412","1999-12-14","2000-12-13"
"10084","90039","2000-12-13","2001-12-13"
"10084","93621","2001-12-13","9999-01-01"
"10085","40000","1994-04-09","1995-04-09"
"10085","43030","1995-04-09","1996-04-08"
"10085","46477","1996-04-08","1997-04-08"
"10085","47707","1997-04-08","1998-04-08"
"10085","50245","1998-04-08","1999-04-08"
"10085","52683","1999-04-08","2000-04-07"
"10085","55176","2000-04-07","2001-04-07"
"10085","56905","2001-04-07","2002-04-06"
"10085","60910","2002-04-06","9999-01-01"
"10086","81613","1992-02-19","1993-02-18"
"10086","81404","1993-02-18","1994-02-18"
"10086","80991","1994-02-18","1995-02-18"
"10086","80941","1995-02-18","1996-02-18"
"10086","80934","1996-02-18","1997-02-17"
"10086","84324","1997-02-17","1998-02-17"
"10086","88049","1998-02-17","1999-02-17"
"10086","90241","1999-02-17","2000-02-17"
"10086","92125","2000-02-17","2001-02-16"
"10086","96471","2001-02-16","2002-02-16"
"10086","96333","2002-02-16","9999-01-01"
"10087","96750","1997-05-08","1998-05-08"
"10087","98200","1998-05-08","1999-05-08"
"10087","98460","1999-05-08","2000-05-07"
"10087","102651","2000-05-07","2001-01-09"
"10088","65957","1988-09-02","1989-09-02"
"10088","67837","1989-09-02","1990-09-02"
"10088","70774","1990-09-02","1991-09-02"
"10088","70709","1991-09-02","1992-09-01"
"10088","73858","1992-09-01","1993-09-01"
"10088","78302","1993-09-01","1994-09-01"
"10088","79993","1994-09-01","1995-09-01"
"10088","79519","1995-09-01","1996-08-31"
"10088","83755","1996-08-31","1997-08-31"
"10088","84024","1997-08-31","1998-08-31"
"10088","87639","1998-08-31","1999-08-31"
"10088","91296","1999-08-31","2000-08-30"
"10088","95451","2000-08-30","2001-08-30"
"10088","98003","2001-08-30","9999-01-01"
"10089","56469","1989-01-10","1990-01-10"
"10089","56165","1990-01-10","1991-01-10"
"10089","56040","1991-01-10","1992-01-10"
"10089","60332","1992-01-10","1993-01-09"
"10089","63549","1993-01-09","1994-01-09"
"10089","64105","1994-01-09","1995-01-09"
"10089","65543","1995-01-09","1996-01-09"
"10089","69267","1996-01-09","1997-01-08"
"10089","70480","1997-01-08","1998-01-08"
"10089","70147","1998-01-08","1999-01-08"
"10089","71560","1999-01-08","2000-01-08"
"10089","72862","2000-01-08","2001-01-07"
"10089","74138","2001-01-07","2002-01-07"
"10089","77955","2002-01-07","9999-01-01"
"10090","44978","1986-03-14","1987-03-14"
"10090","47905","1987-03-14","1988-03-13"
"10090","48211","1988-03-13","1989-03-13"
"10090","50694","1989-03-13","1990-03-13"
"10090","54084","1990-03-13","1991-03-13"
"10090","54095","1991-03-13","1992-03-12"
"10090","56190","1992-03-12","1993-03-12"
"10090","58604","1993-03-12","1994-03-12"
"10090","61661","1994-03-12","1995-03-12"
"10090","64839","1995-03-12","1996-03-11"
"10090","69311","1996-03-11","1997-03-11"
"10090","71274","1997-03-11","1998-03-11"
"10090","71605","1998-03-11","1999-03-11"
"10090","75401","1999-03-11","1999-05-07"
"10091","40000","1992-11-18","1993-11-18"
"10091","41181","1993-11-18","1994-11-18"
"10091","43812","1994-11-18","1995-11-18"
"10091","44046","1995-11-18","1996-11-17"
"10091","45385","1996-11-17","1997-11-17"
"10091","46467","1997-11-17","1998-11-17"
"10091","49155","1998-11-17","1999-11-17"
"10091","53157","1999-11-17","2000-11-16"
"10091","55958","2000-11-16","2001-11-16"
"10091","60014","2001-11-16","9999-01-01"
"10092","53977","1996-04-22","1997-04-22"
"10092","54672","1997-04-22","1998-04-22"
"10092","58042","1998-04-22","1999-04-22"
"10092","61969","1999-04-22","2000-04-21"
"10092","62607","2000-04-21","2001-04-21"
"10092","62323","2001-04-21","2002-04-21"
"10092","66803","2002-04-21","9999-01-01"
"10093","67856","1997-06-08","1998-06-08"
"10093","70269","1998-06-08","1999-06-08"
"10093","73951","1999-06-08","2000-06-07"
"10093","76944","2000-06-07","2001-06-07"
"10093","78796","2001-06-07","2002-06-07"
"10093","82715","2002-06-07","9999-01-01"
"10094","58001","1987-04-18","1988-04-17"
"10094","61131","1988-04-17","1989-04-17"
"10094","63147","1989-04-17","1990-04-17"
"10094","66339","1990-04-17","1991-04-17"
"10094","68848","1991-04-17","1992-04-16"
"10094","72932","1992-04-16","1993-04-16"
"10094","73585","1993-04-16","1994-04-16"
"10094","73617","1994-04-16","1995-04-16"
"10094","76830","1995-04-16","1996-04-15"
"10094","80759","1996-04-15","1997-04-15"
"10094","85225","1997-04-15","1997-11-08"
"10095","63668","1994-03-10","1995-03-10"
"10095","65982","1995-03-10","1996-03-09"
"10095","66404","1996-03-09","1997-03-09"
"10095","67641","1997-03-09","1998-03-09"
"10095","70079","1998-03-09","1999-03-09"
"10095","72169","1999-03-09","2000-03-08"
"10095","74387","2000-03-08","2001-03-08"
"10095","76900","2001-03-08","2002-03-08"
"10095","80955","2002-03-08","9999-01-01"
"10096","61395","1999-01-23","2000-01-23"
"10096","63811","2000-01-23","2001-01-22"
"10096","65962","2001-01-22","2002-01-22"
"10096","68612","2002-01-22","9999-01-01"
"10097","44886","1990-09-15","1991-09-15"
"10097","47987","1991-09-15","1992-09-14"
"10097","50406","1992-09-14","1993-09-14"
"10097","51981","1993-09-14","1994-09-14"
"10097","53075","1994-09-14","1995-09-14"
"10097","53699","1995-09-14","1996-09-13"
"10097","56903","1996-09-13","1997-09-13"
"10097","59339","1997-09-13","1998-09-13"
"10097","62690","1998-09-13","1999-09-13"
"10097","65841","1999-09-13","2000-09-12"
"10097","67846","2000-09-12","2001-09-12"
"10097","70161","2001-09-12","9999-01-01"
"10098","40000","1985-05-13","1986-05-13"
"10098","41426","1986-05-13","1987-05-13"
"10098","45147","1987-05-13","1988-05-12"
"10098","48625","1988-05-12","1989-05-12"
"10098","49228","1989-05-12","1990-05-12"
"10098","51404","1990-05-12","1991-05-12"
"10098","53646","1991-05-12","1992-05-11"
"10098","56202","1992-05-11","1992-12-11"
"10099","68781","1988-10-18","1989-10-18"
"10099","70711","1989-10-18","1990-10-18"
"10099","75094","1990-10-18","1991-10-18"
"10099","78490","1991-10-18","1992-10-17"
"10099","81154","1992-10-17","1993-10-17"
"10099","81480","1993-10-17","1994-10-17"
"10099","85032","1994-10-17","1995-10-17"
"10099","84698","1995-10-17","1996-10-16"
"10099","86038","1996-10-16","1997-10-16"
"10099","86212","1997-10-16","1998-10-16"
"10099","89257","1998-10-16","1999-10-16"
"10099","93297","1999-10-16","2000-10-15"
"10099","95842","2000-10-15","2001-10-15"
"10099","98538","2001-10-15","9999-01-01"
"10100","54398","1987-09-21","1988-09-20"
"10100","55586","1988-09-20","1989-09-20"
"10100","57195","1989-09-20","1990-09-20"
"10100","58209","1990-09-20","1991-09-20"
"10100","57770","1991-09-20","1992-09-19"
"10100","59188","1992-09-19","1993-09-19"
"10100","60763","1993-09-19","1994-09-19"
"10100","64797","1994-09-19","1995-09-19"
"10100","68037","1995-09-19","1996-09-18"
"10100","69404","1996-09-18","1997-09-18"
"10100","70575","1997-09-18","1998-09-18"
"10100","70464","1998-09-18","1999-09-18"
"10100","72343","1999-09-18","2000-09-17"
"10100","74365","2000-09-17","2001-09-17"
"10100","74957","2001-09-17","9999-01-01"
"10101","66591","1998-10-14","1999-10-14"
