IP,Timestamp,Page,Status
195.3.113.170 ,1458565800,/,200
195.3.113.170 ,1458565803,/login,200
195.3.113.170 ,1458565811,/profile,200
195.3.113.170 ,1458565814,/shop_list,200
201.139.130.17,1458565912,/,200
201.139.130.17,1458565915,/login,200
201.139.130.17,1458565918,/shop_list,200
199.59.121.116,1458565802,/,200
199.59.121.116,1458565808,/login,200
199.59.121.116,1458565812,/profile,200
199.59.121.116,1458565818,/product,200
200.188.144.185,1458565911,/,200
200.188.144.185,1458565916,/login,200
200.188.144.185,1458565922,/shop_list,200
200.188.144.185,1458565927,/profile,200
200.188.144.185,1458565929,/contact,200
200.188.144.185,1458565933,/profile,200
